convert a_d.gif a_d.eps
convert allpass_1.gif allpass_1.eps
convert allpass.gif allpass.eps
convert allpass_halfband.gif allpass_halfband.eps
convert allpass_iir.gif allpass_iir.eps
convert allpass_pic.gif allpass_pic.eps
convert barnes21b.gif barnes21b.eps
convert bingham.gif bingham.eps
convert carrier.gif carrier.eps
convert cic.gif cic.eps
convert constrct.gif constrct.eps
convert cordic.gif cordic.eps
convert cppvsc.gif cppvsc.eps
convert cppvs.gif cppvs.eps
convert dd_symbol.gif dd_symbol.eps
convert dd_timing.gif dd_timing.eps
convert delay.gif delay.eps
convert doc.gif doc.eps
convert down.gif down.eps
convert farrow.gif farrow.eps
convert fir_adapt.gif fir_adapt.eps
convert fir.gif fir.eps
convert gardner.gif gardner.eps
convert gitlin.gif gitlin.eps
convert haykin.gif haykin.eps
convert icon1.gif icon1.eps
convert icon2.gif icon2.eps
convert iir_2nd.gif iir_2nd.eps
convert img001.gif img001.eps
convert img002.gif img002.eps
convert img003.gif img003.eps
convert img004.gif img004.eps
convert img005_0.gif img005_0.eps
convert img005.gif img005.eps
convert img006.gif img006.eps
convert img007.gif img007.eps
convert img008.gif img008.eps
convert img009.gif img009.eps
convert img010.gif img010.eps
convert img011.gif img011.eps
convert img012.gif img012.eps
convert img013.gif img013.eps
convert img014.gif img014.eps
convert img015.gif img015.eps
convert img016.gif img016.eps
convert jeruchim.gif jeruchim.eps
convert lagrange.gif lagrange.eps
convert line5.gif line5.eps
convert links.gif links.eps
convert lippman.gif lippman.eps
convert list.gif list.eps
convert lms_dfe.gif lms_dfe.eps
convert logo.gif logo.eps
convert loop_filter.gif loop_filter.eps
convert meyr.gif meyr.eps
convert nda_timing.gif nda_timing.eps
convert new.gif new.eps
convert pirsch.gif pirsch.eps
convert qpsk_dd_phase.gif qpsk_dd_phase.eps
convert qpsk.gif qpsk.eps
convert qpsk_quadricorrelator.gif qpsk_quadricorrelator.eps
convert rfir.gif rfir.eps
convert running_average.gif running_average.eps
convert running_sum.gif running_sum.eps
convert sklar.gif sklar.eps
convert source.gif source.eps
convert steele.gif steele.eps
convert vco.gif vco.eps
convert yang.gif yang.eps
